GTCTTTGTCAGTGCA,CD86
GTTGTCCGACAATAC,CD274
TGATAGAAACAGACC,TNFRSF14
ATCACATCGTTGCCA,PVR
AACCTTCCGTCTAAG,NECTIN2
GCATTCTGTCACCTA,CD47
CTACGACGTAGAAGA,CD48
CTCAGATGGAGTATG,CD40
GCTAGATAGATGCAA,CD40LG
CTTTGTACGAGCAAA,CD52
CTCATTGTAACTCCT,CD3D
GCGCAACTTGATGAT,CD8A
TCCTTTCCTGATAGG,NCAM1
CTGGGCAATTACTCG,CD19
TAACTCAGGGCCTAT,CD33
TACGCCTATAACTTG,ITGAX
TATGCGAGGCTTATC,HLA-A
TCAATCCTTCCGCTT,PTPRC
CTTCACTCTGTCAGG,IL3RA
TGGATTCCCGGACTT,CD7
TTCCGAGGATGATCT,ITGA6
AGCTTACCTGCACGA,CCR4
TGTTCCCGCTCAACT,CD4
TGGCTTCAGGTCCTA,CD44
TCTCAGACCTCCGTA,CD14
AAGTTCACTCTTTGC,FCGR3A
TTTGTCCTGTACGCC,IL2RA
CTCCGAATCATGTTG,PTPRC
ACAGCGCCGTATTTA,PDCD1
TTGCTTACCGCCAGA,TIGIT
GCCGGACGACATTAA,MouseIgG1
CTCCTACCTAAACTG,MouseIgG2a
ATATGTATCACGCGA,MouseIgG2b
GATTCTTGACGACCT,RatIgG2b
TTCTGGGTCCCTAGA,MS4A1
ACAATTTGAACAGCG,NCR1
ACCTTTATGCCACGG,PECAM1
GGTTACTCGTTGTGT,PDPN
CCTTGGATAACATCA,MCAM
TAGCGAGCCCGTATA,IGHM
CATTAACGGGATGCC,CD5
GCGATGGTAGATTAT,CXCR3
CCAAAGTAAGAGCCA,CCR5
GCTTCCGAATTACCG,FCGR2A
GATCCCTTTGTCACT,CCR6
AATTCAACCGTCGCC,CXCR5
GACCTCATTGTGAAT,ITGAE
GTCTCTTGGCTTAAA,CD69
GTCCCTGCAACTTGA,SELL
GTACGCAGTCCTTCT,KLRB1
ATGGTTCACGTAATC,CTLA4
CATTTGTCTGCCGGT,LAG3
CTTATTTCCTGCCCT,KLRG1
GCACTCCTGCATGTA,CD27
CAGCCCACTGCAATA,LAMP1
CCAGCTCATTAGAGC,FAS
AACCCACCGTTGTTA,TNFRSF4
AATAGCGAGCAAGTA,HLA-DRA
GAGCTACTTCACTCG,CD1C
GACAAGTGATCTGCA,ITGAM
AAGTATGCCCTACGA,FCGR1A
GGATAACCGCGCTTT,THBD
CGTGTTTGTTCCTCA,KLRK1
ACTTCCGTCGATCTT,CR1
AACTCCCTATGGAGG,B3GAT1
GTTATTGGACTAAGG,BTLA
CGCGCACCCATTAAA,ICOS
GTTAGTGTTAGCTTG,ICOSLG
GTTCCTATGGACGAC,CD58
TTACCTGGTATCCGT,ENTPD1
AGTATCGTCTCTGGG,CX3CR1
AGATTCCTTCGTGTT,CD24
AACCTAGTAGTTCGG,CR2
TATATCCTTGTGAGC,ITGAL
ATTCTTCAACCGAAG,CD79B
TCGCTTGGATGGTAG,CD244
TACTCAGCGTGTTTG,SIGLEC1
TCCTTGGATGTACCG,ITGB7
CGAAGTCGATCCGTA,TNFRSF13C
TCCTAGTACCGAAGT,GP1BB
CTGATAGACTTGAGT,ICAM1
CCTTCCGTATCCCTT,SELP
TGTGTATTCCCTTGT,IFNGR1
CGTAACGTAGAGCGA,anti-human TCR α/β
ATCAGATGCCCTCAT,RatIgG1
GGGAGCGATTCAACT,RatIgG1a
AAGTCAGGTTCGTTT,RatIgG2a
TCCAGGCTAGTCATT,RatIgG2c
CCTGTCATTAAGACT,IgG Isotype Ctrl
GAGTTCCCTTACCTG,CCR2
TCATTTCCTCCGATT,IL2RB
AGTGATGGAGCGAAC,TNFRSF13B
CTCGTTTCCGTATCG,FCER1A
ACGTTGTGGCCTTGT,ITGA2B
CAGTAAGTTCGGGAC,TNFRSF9
GATTAACCAGCTCAT,SPN
GCTTCTCCTTCCTTA,CD163
CCACTCATTTCCGGT,CD83
TTTCAACGCCCTTTC,ANPEP
TACGATTTGTCAGGG,CD2
TCTCAGTGTTTGTGG,CD226
GTATTCCCTCAGTCA,ITGB1
GAGATGTCCGAATTT,CLEC4C
GCTTTCTTCAGTATG,ITGA2
AGGTTGGAGTAGACT,ITGB3
GTATCCTTCCTTGGC,CD81
GCTCATTACCCATTA,CD55
CAGTCTCCGTAGAGT,IGHD
TATTGGGACACTTCT,ITGB2
TGAGAACGACCCTAA,CD28
TGTACCCGCTTGTGA,CD38
GTGTGTTGTCCTATG,IL7R
TGCAATTACCCGGAT,PTPRC
GGGTTGTTGTCTTTG,CD22
CCGTGTTCCTCATTA,TFRC
GGTGGCTAGATAATG,DPP4
AATCACGGTCCTTGT,CSF1R
GAGATGTCTGCAACT,CD63
GGACTAAGTTTCGTT,NRP1
TTCTTTGCCTTGCCA,CD36
CGTGTTTAACTTGAG,SIRPA
CAGTCGTGGTAGATA,CD72
TATCAACCAACGCTT,KIR2DL1
GCGCTACTTCCTTGA,CD93
CACGTAGACCTTTGC,CD200
ACTGATGGACTCAGA,ITGA1
CCATTCAACTTCCGG,ITGA4
CAGTTCCTCAGTTCG,NT5E
GAGTCACCAATCTGC,CD9
TACGAGCAGTATTCA,TCR Vα7.2
TCAGTCAGATGGTAT,TCR Vδ2
TAGCCGTTTCCTTTG,TREM1
ATTTCCATTCCCTGT,LAIR1
ACCCTTTACCGAATA,OLR1
GGACGCTTTCCTTGA,KIR3DL1
CACTTAACTCTGGGT,CD109
CACTGCCGTCGATTA,F3
AGTATGCCATGTCTT,SLAMF7
ACCCGTCCCTAAGAA,CD99
CATTAGAGTCTGCCA,CLEC12A
CTTACCTAGTCATTC,CD151
AGTTTCCACTCAGGC,SLAMF6
TGCCAGTATCACGTA,CLEC1B
CTTTCCGGTCCTACA,KLRD1
GGATGTACCGCGTAT,IGHE
GTCATTGTATGTCTG,SLAMF1
ATATGTCAGAGCACC,SELPLG
CTCCCTAGTTCCTTT,CD84
AGCTCAGCCAGTATG,IGKC
CCTTGTGAGGCTATG,LILRB1
TCTGTATAACCGTCT,FCER2
CAGCCAGTAAGTCAC,Ig light chain λ
CTTAGCATTTCACTG,SIGLEC7
GCCTAGTTTCCGTTT,ADGRG1
TCCCACTTCCGCTTT,CD82
TATAGTTCCTCTGTG,KLRF1
CTGCATGAGACCAAA,CSF2RB
CTGTAGCATTTCCCT,CD74
ATGGACAGTTCGTGT,CSF2RA
ACAGTCACTGGGCAA,CD37
CTACTTCCCTGTCAA,CD101
AGCTACGAGCAGTAG,HLA-DRA
GCCGCATGAGAAACA,C5AR1